x,y,z,
-1.300705,-0,-0.8103023,
-1.0618732,-0,-1.0974226,
-1.0822291,-1.08499,-0,
-0.7732672,-0.77743185,-1.070604,
-1.0798041,-1.087455,-0,
-1.5324931,-0.0002248382,-0.00033572002,
-1.5324931,-0.00037234282,-0.00010256371,
-0.82683194,-0.78626555,-1.0218469,
-1.0817821,-1.0854872,-0.0002317588,
-1.0825475,-1.0846664,-0.0036008367,
-1.0814849,-0.00018125355,-1.0857319,
-1.3884946,-0.004856489,-0.6288831,
-1.4762862,-0.14453135,-0.37426913,
-1.362996,-0.11716668,-0.6888755,
-1.2282808,-0.60581034,-0.6692064,
-1.4874495,-0.3654135,-0.0015664436,
-1.4700772,-0.12637167,-0.41102162,
-1.457938,-0.12532814,-0.45248803,
-1.2695171,-0.0045737866,-0.8569371,
-1.1147537,-0.83280784,-0.63626736,
-1.1101321,-0.095429845,-1.0509689,
-1.2789587,-0.110817514,-0.83547574,
-1.226,-0.105390154,-0.9120594,
-1.4217083,-0.41629386,-0.38920465,
-1.0937439,-1.040528,-0.25896168,
-1.0976762,-0.49039373,-0.9490293,
-1.2818719,-0.12742817,-0.82861453,
-1.3094645,-0.35132718,-0.7126767,
-1.0686256,-0.31937018,-1.0497988,
-1.4750049,-0.03817527,-0.41102162,
-1.2679633,-0.73348206,-0.44755846,
-1.0804704,-0.20644303,-1.0658332,
-1.1821494,-0.20977937,-0.9370371,
-1.1217114,-1.0342218,-0.14343147,
-1.1066059,-0.095126726,-1.0547085,
-1.0908808,-0.22157921,-1.0532355,
-1.513595,-0.1279732,-0.20267287,
-1.1380213,-0.18471925,-1.009559,
-1.5090595,-0.0018550229,-0.26675645,
-1.480829,-0.12729593,-0.3701038,
-1.4214478,-0.44468585,-0.36078247,
-1.2674775,-0.33315045,-0.7943142,
-1.1914502,-0.7825357,-0.5625899,
-1.1255331,-0.00138357,-1.0399984,
-1.4059899,-0.02353608,-0.60914856,
-1.2707473,-0.80479914,-0.29312614,
-1.0997611,-0.7801409,-0.7282368,
-1.393807,-0.0017133479,-0.63696337,
-1.2511328,-0.8614021,-0.20267287,
-1.5020978,-0.0018464652,-0.30351603,
-1.4336725,-0.0002240723,-0.54130054,
-1.2910498,-0.2235207,-0.7947656,
-1.3755966,-0.6475172,-0.08932314,
-1.2541513,-0.79240423,-0.38421783,
-1.0534047,-0.3640839,-1.0517628,
-1.5293691,-0.0001935075,-0.09722855,
-1.4492772,-0.18910941,-0.46071333,
-1.1049964,-0.00011911594,-1.0617938,
-1.3303219,-0.07998763,-0.7564847,
-1.1061811,-0.0013597815,-1.0605587,
-1.49137,-0.000051311472,-0.35247576,
-1.235144,-0.00019304377,-0.9071068,
-1.4607548,-0.00018482588,-0.46326995,
-1.4088378,-0.000000042189065,-0.6029921,
-1.2802349,-0.00016198514,-0.842272,
-1.4653872,-0.3599936,-0.2628313,
-1.3934466,-0.000000041728157,-0.6377539,
-1.2320977,-0.69888115,-0.58474237,
-1.1749789,-0.000064957574,-0.9837927,
-1.042941,-0.83212197,-0.7538372,
-1.4919043,-0.0000024749363,-0.35020718,
-1.344735,-0.0000010876763,-0.73492247,
-1.230653,-0.8974545,-0.16879539,
-1.179341,-0.0000009538988,-0.9785593,
-1.3147573,-0.0000010634291,-0.7872969,
-1.4707336,-0.000000035346048,-0.4305412,
-1.4670464,-0.0000011866066,-0.44294253,
-1.1873069,-0.00032356483,-0.9688784,
-1.1679057,-0.0000009446495,-0.99217933,
-1.5022794,-0.000000036104183,-0.30262154,
-1.2479845,-0.000000029992734,-0.88935816,
-1.2123694,-0.000001450371,-0.937328,
-1.1596335,-0.0014254884,-1.0018339,
-1.1294488,-0.000000913544,-1.0357456,
-1.1271006,-0.00020081061,-1.0383003,
-0.9006077,-0.63275474,-1.0662788,
-1.5285945,-0.00004458638,-0.108730905,
-1.4564987,-0.0000011780753,-0.47648162,
-1.4016773,-0.00024973074,-0.61945486,
-1.3852837,-0.0000011204737,-0.6552956,
-1.128202,-0.4438469,-0.937328,
-1.087329,-0.000000026131708,-1.079879,
-1.3967928,-0.00004074196,-0.6303914,
-1.365773,-0.24431185,-0.6506914,
-1.3067648,-0.7951602,-0.092245825,
-1.122376,-0.54291075,-0.8910351,
-1.2440089,-0.19191028,-0.8740913,
-1.211722,-0.0000009800899,-0.9381648,
-1.3865014,-0.0000011214586,-0.6527152,
-1.258693,-0.000036713835,-0.8741369,
-1.2478964,-0.0000013970326,-0.88948184,
-1.0749146,-0.9595545,-0.52176344,
-0.8897773,-0.70962447,-1.0262324,
-1.4666231,-0.000042778785,-0.44434234,
-1.4418579,-0.0000011662332,-0.51910424,
-1.4689656,-0.00000042878196,-0.43653566,
-1.4463032,-0.0000011698288,-0.5065869,
-1.4412944,-0.0000020682758,-0.5206666,
-1.4897983,-0.000044088527,-0.35906017,
-1.4696048,-0.00004286576,-0.4343791,
-1.4539266,-0.0000011759948,-0.48427343,
-1.4392633,-0.00007013395,-0.52625513,
-1.3552911,-0.00000194486,-0.7152687,
-1.1290734,-0.000055018685,-1.0361547,
-1.4790242,-0.000039273844,-0.4011371,
-1.2917275,-0.000026092051,-0.8245381,
-1.2782031,-0.0000010338625,-0.8453521,
-1.3968285,-0.000018250828,-0.6303121,
-1.44012,-0.000053580043,-0.52390635,
-1.4349586,-0.0000015360587,-0.53788203,
-1.2856243,-0.000012992921,-0.8340226,
-1.224248,-0.00012434924,-0.9217591,
-1.1830844,-0.000044016964,-0.97403,
-1.15519,-0.000042979147,-1.0069555,
-1.138137,-0.000024846979,-1.0261908,
-1.5202395,-0.00006984094,-0.19312046,
-1.4544785,-0.000054114254,-0.4826134,
-1.4464759,-0.00008753818,-0.50609386,
-1.4441531,-0.00003834788,-0.51268417,
-1.3645232,-0.000036233396,-0.6974955,
-1.5132829,-0.000040183546,-0.24165697,
-1.2091981,-0.000044988534,-0.94141555,
-1.0133326,-0.9646294,-0.62535626,
-1.50557,-0.00005601513,-0.28580058,
-1.5044818,-0.00005597464,-0.29147545,
-1.3496723,-0.0001796031,-0.72581524,
-1.3424212,-0.000009847715,-0.7391406,
-1.3385768,-0.000049802104,-0.74608,
-1.2774719,-0.000027888836,-0.8464566,
-1.2597642,-0.00004686986,-0.8725923,
-1.2422026,-0.000046216475,-0.8974161,
-1.2272251,-0.00005637964,-0.91779184,
-1.0838164,-0.0001329086,-1.0834045,
-1.507789,-0.00018490042,-0.2738534,
-1.1425157,-0.00013233423,-1.0213137,
-1.4798576,-0.000008505461,-0.3980514,
-1.3448803,-0.00015577352,-0.73465663,
-1.1547741,-0.00014161014,-1.0074326,
-1.4864275,-0.00017216853,-0.37276873,
-1.4562765,-0.00016867623,-0.47716027,
-1.4544882,-0.000002087209,-0.48258436,
-1.3903359,-0.00016103851,-0.6445073,
-1.372004,-0.6169831,-0.29216397,
-1.3243793,-0.00015339896,-0.7710011,
-1.2746964,-0.00014764433,-0.8506307,
-1.5299526,-0.0001772099,-0.087569885,
-1.5017204,-0.00017393986,-0.30538347,
-1.455108,-0.0003099665,-0.4807119,
-1.1665779,-0.00013512128,-0.99374014,
-1.1413392,-0.00013219795,-1.0226281,
-1.0582271,-0.84545195,-0.7167913,
-1.3172702,-0.78121483,-0.05409332,
-1.1489819,-0.00012068809,-1.0140334,
-1.2472486,-0.00022221686,-0.89038986,
-1.1421583,-0.00020349337,-1.0217131,
-1.1363906,-0.00016707525,-1.0281243,
-1.0931969,-0.47313026,-0.96410155,
-1.4862186,-0.000113787435,-0.37360102,
-1.450903,-0.0002585011,-0.4932582,
-1.128312,-0.00015014633,-1.0369837,
-1.4320104,-0.00017560768,-0.54568255,
-1.4290082,-0.00017523952,-0.5534969,
-1.404042,-0.00013317332,-0.6140762,
-1.3781507,-0.00024553912,-0.670167,
-1.185693,-0.70335305,-0.6692159,
-1.1084737,-0.0001359323,-1.0581633,
-1.0818022,-0.00013266159,-1.0854157,
-1.4594909,-0.000054300745,-0.46723616,
-1.4204139,-0.00025306895,-0.5751938,
-1.373115,-0.00020187913,-0.6804252,
-1.3671657,-0.00016765576,-0.69230145,
-1.2252685,-0.00021830075,-0.9204024,
-1.1837339,-0.39081618,-0.89132494,
-1.1640282,-0.32122165,-0.94354564,
-1.3810831,-0.00016936245,-0.664103,
-1.506889,-0.00018479006,-0.2787629,
-1.5062972,-0.00022145995,-0.28194344,
-1.5026563,-0.00032009522,-0.3007444,
-1.5023316,-0.00018423118,-0.3023627,
-1.3907478,-0.00017596807,-0.64361805,
-1.3298031,-0.000049475675,-0.7616081,
-1.253042,-0.00016674434,-0.88221836,
-1.2206119,-0.00014968385,-0.92656887,
-1.1253244,-0.00020049415,-1.0402253,
-1.5092677,-0.00026889966,-0.26558328,
-1.5021164,-0.0001842048,-0.30342945,
-1.1631962,-0.00014264295,-0.99769634,
-0.9476845,-0.5913151,-1.0491252,
-1.4653678,-0.0001796983,-0.4484647,
-1.1348509,-0.00013916695,-1.0298238,
-1.0309433,-0.5858158,-0.9707723,
-1.5068501,-0.27139905,-0.0645671,
-1.4465241,-0.29623908,-0.41016325,
-1.1447049,-0.00014037536,-1.0188591,
-1.5259101,-0.00018712261,-0.14149831,
-1.5085653,-0.2655448,-0.046261974,
-1.4154544,-0.00017357741,-0.5872924,
-1.4088225,-0.60277927,-0.017310444,
-1.2589076,-0.00026817195,-0.8738278,
-1.1112177,-0.00019798083,-1.0552813,
-1.240924,-0.00015217472,-0.8991834,
-1.4862249,-0.3360222,-0.16324255,
-1.3639246,-0.0001672583,-0.69866514,
-1.2954288,-0.00015885865,-0.81871104,
-1.1535062,-1.005444,-0.08324145,
-1.5314119,-0.00027284498,-0.056576975,
-1.3403423,-0.00023880295,-0.74290377,
-1.3144011,-0.00023418113,-0.7878915,
-1.4628347,-0.00017938767,-0.4566597,
-1.4056154,-0.00031724692,-0.61046576,
-1.1391361,-0.00020295492,-1.0250816,
-1.089603,-0.000006866624,-1.0775847,
-1.4799701,-0.000119018434,-0.3976328,
-1.4165413,-0.00025237902,-0.5846657,
-1.2678746,-0.0001864064,-0.8607657,
-1.4474254,-0.00025788147,-0.50337183,
-1.2535468,-0.034166757,-0.8808386,
-1.1827627,-0.00014504239,-0.9744207,
-1.5283133,-0.00027229293,-0.11261394,
-1.3786737,-0.00016906699,-0.6690907,
-1.1841074,-0.00014520729,-0.97278625,
-1.1416498,-0.9417788,-0.3976328,
-1.118467,-0.00019927238,-1.0475948,
-1.4740537,-0.00014514077,-0.4190336,
-1.4405942,-0.00017666031,-0.522601,
-1.345167,-0.00014871088,-0.73413146,
-1.2552372,-0.00022364015,-0.8790919,
-1.2360872,-0.00022022828,-0.9058209,
-1.111295,-0.0001362783,-1.0551999,
-1.5234307,-0.00027142302,-0.16607879,
-1.506926,-0.00026848243,-0.27856347,
-1.3998624,-0.0002494074,-0.6235451,
-1.397407,-0.00024896994,-0.62902856,
-1.274936,-0.0002271498,-0.85027146,
-1.1736321,-0.88970196,-0.42360514,
-1.0540224,-0.30876917,-1.0687009,
-1.4379406,-0.0001763349,-0.5298587,
-1.1879932,-0.00002899646,-0.96803695,
-1.5146868,-0.0001857463,-0.2326959,
-1.4889827,-0.0001825942,-0.3624275,
-1.5270909,-0.00018726742,-0.12812738,
-1.287495,-0.00022938738,-0.83113176,
-1.2639037,-0.000015405401,-0.8665856,
-1.2184434,-0.000014851296,-0.9294186,
-1.1417816,-0.5475889,-0.8630785,
-1.522004,-0.00027116883,-0.17868096,
-1.5018598,-0.000018305785,-0.30469742,
-1.4346114,-0.47630247,-0.25189164,
-1.3592625,-0.49514383,-0.50562984,
-1.2650899,-0.000012191002,-0.86485326,
-1.1321696,-0.00020171373,-1.0327706,
-1.4579101,-0.00014355121,-0.4721457,
-1.4484307,-0.00025806058,-0.5004719,
-1.3822277,-0.0002462655,-0.66171753,
-1.2419996,-0.0002803189,-0.8976972,
-1.1316841,-1.0331924,-0.015105351,
-1.4244126,-0.00017467595,-0.5652187,
-1.249514,-0.000012040905,-0.8872081,
-1.2068187,-0.00014799238,-0.9444638,
-1.4043069,-0.00017221039,-0.6134702,
-1.2012625,-0.0000531146,-0.95152074,
-1.1918029,-0.0002689895,-0.9633428,
-1.4521505,-0.00032774985,-0.4895738,
-1.3288429,-0.00016295623,-0.7632824,
-1.3127128,-0.00029627883,-0.79070127,
-1.1880993,-0.00014569682,-0.9679068,
-1.4925101,-0.000336859,-0.3476164,
-1.3542172,-0.00030564633,-0.7173,
-1.3325857,-0.00023742099,-0.75672895,
-1.3293699,-0.00007083078,-0.7623642,
-1.289516,-0.00022974744,-0.8279926,
-1.4432285,-0.000108975735,-0.5152814,
-1.189066,-0.00014581537,-0.96671885,
-1.4112945,-0.4705331,-0.36779094,
-1.3855966,-0.000016888684,-0.6546337,
-1.2710997,-0.00022232764,-0.8559958,
-1.2011324,-0.00021400054,-0.9516851,
-1.1818296,-0.19144283,-0.95658344,
-1.1107178,-0.00019789176,-1.0558075,
-1.5177462,-0.00024318288,-0.21182469,
-1.5152216,-0.00018581188,-0.22918755,
-1.1768937,-0.000009432681,-0.9815011,
-1.4771332,-0.00018114109,-0.40804532,
-1.4230154,-0.4658799,-0.32620034,
-1.1924921,-0.00014623551,-0.96248937,
-1.5293885,-0.000025142343,-0.09692185,
-1.3287474,-0.00022269398,-0.7634486,
-1.3201866,-0.7728992,-0.09031647,
-1.2818831,-0.00028932057,-0.83976126,
-1.2005734,-0.00014722653,-0.95239,
-1.4838094,-0.0002486819,-0.38305774,
-1.2900958,-0.0002162161,-0.8270891,
-1.1824859,-0.92227083,-0.31554258,
-1.1153895,-1.0495884,-0.051907614,
-1.0987451,-1.065894,-0.07108022,
-1.0743186,-0.4682711,-0.9874133,
-1.4770795,-0.00016483797,-0.4082397,
-1.4621555,-0.00017930438,-0.45882976,
-1.3110064,-0.00021972065,-0.7935273,
-1.2666652,-0.0002858859,-0.8625443,
-1.447397,-0.000109290486,-0.5034536,
-1.4407643,-0.039269567,-0.52065307,
-1.3522462,-0.00016582618,-0.7210088,
-1.2079145,-0.0001347999,-0.94306207,
-1.5191715,-0.000090846304,-0.20134896,
-1.5096688,-0.00025301587,-0.26329327,
-1.4048097,-0.40703183,-0.45744762,
-1.51843,-0.00018620533,-0.20686668,
-1.4974123,-0.00021996806,-0.32585266,
-1.484925,-0.00024886886,-0.37870967,
-1.2517624,-0.00020979153,-0.88403296,
-1.2136226,-0.000025988116,-0.93570495,
-1.0861367,-0.00018203317,-1.0810784,
-0.9507362,-0.9122995,-0.7824536,
-1.5213301,-0.0042574834,-0.1842824,
-1.4199253,-0.00032047665,-0.5763987,
-1.3256422,-0.7270032,-0.25012478,
-1.2745157,-0.3148971,-0.7904891,
-1.2824904,-0.00021494144,-0.83883363,
-1.5019283,-0.06518764,-0.2972969,
-1.4615241,-0.0003298655,-0.46083662,
-1.3630167,-0.6352443,-0.2950817,
-1.4612217,-0.00009347662,-0.46179497,
-1.2431508,-0.30183312,-0.8437393,
-1.1988882,-0.00027058864,-0.9545106,
-1.1777161,-0.0000010793078,-0.9805143,
-1.3866253,-0.00031296085,-0.652452,
-1.2266465,-0.000025657779,-0.918565,
-1.5265851,-0.00025585096,-0.13401935,
-1.5172594,-0.00004124076,-0.21528494,
-1.4729475,-0.00026242863,-0.42290527,
-1.3530748,-0.0003121248,-0.7194526,
-1.1038549,-0.000030003977,-1.0629805,
-1.087222,-0.0000030853457,-1.0799869,
-1.5241737,-0.00034400547,-0.15911633,
-1.3242346,-0.7712472,-0.0019384648,
-1.5224164,-0.00035118818,-0.17513323,
-1.4595631,-0.00029775637,-0.46701044,
-1.3044776,-0.00023241309,-0.8042149,
-1.5188273,-0.0003427988,-0.20392904,
-1.478366,-0.00033366669,-0.40355593,
-1.4767742,-0.040251054,-0.40735877,
-1.4304992,-0.000029921766,-0.54963213,
-1.3824128,-0.0003120101,-0.66133064,
-1.3076146,-0.00029512815,-0.79910433,
-1.2644889,-0.000013943066,-0.8657316,
-1.4979718,-0.00016716949,-0.32327083,
-1.229792,-0.00027756364,-0.91434956,
-1.1693195,-0.00014339385,-0.9905126,
-1.0166558,-0.59770375,-0.9785625,
-1.4459497,-0.5067589,-0.029128341,
-1.3873724,-0.00031312945,-0.6508618,
-1.3911173,-0.0004033338,-0.6428184,
-1.1151391,-0.00025723822,-1.0511366,
-1.4636036,-0.00033033482,-0.45418912,
-1.0945029,-0.00024702892,-1.0726075,
-1.4838308,-0.0003349001,-0.38297462,
-1.2531599,-0.12195115,-0.8735799,
-1.2364153,-0.17641626,-0.888019,
-1.4284714,-0.00023076261,-0.55488074,
-1.4262432,-0.00023040264,-0.56058323,
-1.1151915,-0.00018587582,-1.051081,
-1.4737853,-0.00033997005,-0.41997644,
-1.3800702,-0.00031148136,-0.66620535,
-1.3593823,-0.00030681212,-0.7074626,
-1.5246918,-0.041557103,-0.1483609,
-1.4534788,-0.00032804967,-0.48561585,
-1.4279187,-0.00020702959,-0.55630195,
-1.3353845,-0.7411239,-0.12612297,
-1.3319112,-0.0001349283,-0.75791556,
-1.2373041,-0.0002792591,-0.90415806,
-1.492766,-0.34651563,-0.00017162965,
-1.474467,-0.0003327867,-0.4175764,
-1.4458638,-0.48003814,-0.16572435,
-1.3128405,-0.00016899855,-0.7904892,
-1.5086273,-0.0002528413,-0.26919731,
-1.4727299,-0.0000017507642,-0.42366263,
-1.4194092,-0.0000021364124,-0.57766855,
-1.3222766,-0.75942683,-0.1525737,
-1.2499199,-0.0000010546522,-0.8866361,
-1.1217785,-0.00018697372,-1.0440482,
-1.5134981,-0.00025226403,-0.24030586,
-1.4664022,-0.0003264426,-0.44507065,
-1.451095,-0.11119915,-0.4799807,
-1.38324,-0.00023055312,-0.6595987,
-1.0995337,-0.0070107654,-1.0674268,
-1.375948,-0.0002293377,-0.6746782,
-1.2269752,-0.00020450751,-0.9181259,
-1.2235899,-0.3064667,-0.8702465,
-1.151925,-0.00025998906,-1.0106889,
-1.5252655,-0.0003518454,-0.14828497,
-1.4969453,-0.00009085908,-0.3279912,
-1.4745833,-0.00018981929,-0.41716596,
-1.3721614,-0.059604798,-0.67973804,
-1.5251496,-0.00009257098,-0.1494726,
-1.4680216,-0.000012610123,-0.4396994,
-1.4179722,-0.000019276637,-0.581187,
-1.3298138,-0.00022164825,-0.76158947,
-1.3131899,-0.22267966,-0.7578717,
-1.2050833,-0.00027798637,-0.94667727,
-1.1658617,-0.00019432134,-0.9945802,
-1.1196373,-0.000144128,-1.0463442,
-1.5258533,-0.078048125,-0.11875846,
-1.4321624,-0.00023870732,-0.54528344,
-1.1231632,-0.66018695,-0.806896,
-1.4503415,-0.00007639839,-0.4949071,
-1.4439496,-0.0000904947,-0.51325697,
-1.4938732,-0.00024899305,-0.34171045,
-1.4483625,-0.00009077127,-0.50066936,
-1.4097894,-0.00008551133,-0.6007638,
-1.0909202,-0.95571095,-0.4949071,
-1.5258912,-0.00025432967,-0.1417015,
-1.5234001,-0.000095473995,-0.16636,
-1.4581025,-0.00032909322,-0.47155127,
-1.4194812,-0.00018272613,-0.57749176,
-1.3847637,-0.000086785425,-0.6563939,
-1.3741033,-0.000086117325,-0.67842716,
-1.3043157,-0.000081743616,-0.8044775,
-1.1512084,-0.048751153,-1.0103295,
-1.5274379,-0.00009572705,-0.12392208,
-1.5043609,-0.00025074108,-0.2920989,
-1.4342375,-0.00008988603,-0.53980196,
-1.3405496,-0.00022343764,-0.7425295,
-1.3123689,-0.00029215252,-0.791272,
-1.3000573,-0.37171775,-0.7211796,
-1.2950662,-0.00008116394,-0.81928426,
-1.0887363,-0.0000682329,-1.0784603,
-1.50365,-0.000094236224,-0.2957367,
-1.2363131,-0.00020606391,-0.90551263,
-1.1218526,-0.00018698609,-1.0439683,
-1.5118406,-0.00033655783,-0.25052223,
-1.4283681,-0.00023807489,-0.55514663,
-1.4140463,-0.0002937464,-0.5906746,
-1.3608905,-0.00031860493,-0.7045568,
-1.2155762,-0.000076182165,-0.93316555,
-1.1416489,-0.00023716001,-1.0222822,
-1.119084,-1.0457118,-0.050608646,
-1.5113174,-0.00035382214,-0.25365943,
-1.4595393,-0.00024327039,-0.46708474,
-1.4549602,-0.00620346,-0.48111907,
-1.4097643,-0.00023497408,-0.6008227,
-1.5034214,-0.0002505845,-0.2968961,
-1.2950224,-0.00008116119,-0.81935364,
-1.2745535,-0.25495738,-0.811747,
-1.441597,-0.00029946963,-0.51982826,
-1.4144044,-0.00029382078,-0.5898166,
-1.3790966,-0.00028648612,-0.6682184,
-1.3179226,-0.00021966627,-0.78198683,
-1.2391992,-0.0001519632,-0.901559,
-1.126335,-0.91216695,-0.49773893,
-1.4724438,-0.00033233006,-0.42465606,
-1.4690506,-0.40994075,-0.1492049,
-1.281968,-0.00026630916,-0.8396317,
-1.193848,-0.7942938,-0.54059905,
-1.4492749,-0.31956637,-0.3819725,
-1.2678547,-0.00021132114,-0.8607948,
-1.1238554,-0.004655588,-1.0418018,
-1.0923511,-1.0719912,-0.077634245,
-1.4556781,-0.00034079613,-0.47898272,
-1.2491858,-0.00025949915,-0.8876701,
-1.2010442,-0.00020126431,-0.9517963,
-1.1220186,-0.00023308212,-1.04379,
-1.4594288,-0.00022187126,-0.46743014,
-1.3206075,-0.0003091741,-0.7774439,
-1.5302229,-0.00025642625,-0.08271283,
-1.5017096,-0.2972297,-0.07032655,
-1.4981345,-0.23165786,-0.22439043,
-1.3013903,-0.75213003,-0.29850823,
-1.268961,-0.743908,-0.42983997,
-1.4507742,-0.00024311268,-0.49363706,
-1.3867437,-0.0002323828,-0.65220034,
-1.3129816,-0.00030738875,-0.7902547,
-1.1051221,-0.00018519022,-1.061663,
-1.0032668,-0.46145424,-1.0625153,
-1.5287145,-0.0002324045,-0.10702859,
-1.3868381,-0.0002880943,-0.6519994,
-1.1586182,-0.00024068513,-1.0030091,
-1.1475863,-0.00023839342,-1.0156126,
-1.4559754,-0.00034086575,-0.47807842,
-1.4291397,-0.0002968818,-0.55315727,
-1.3362331,-0.0002775819,-0.7502696,
-1.2802547,-0.00026595325,-0.8422418,
-1.2509228,-0.71322197,-0.5243375,
-1.4837667,-0.00030822973,-0.38322285,
-1.38186,-0.00032351422,-0.6624848,
-1.2894924,-0.0002678722,-0.82802945,
-1.4774042,-0.000306908,-0.40706262,
-1.3089911,-0.00027192276,-0.7968473,
-1.2097056,-0.00028321028,-0.94076335,
-1.2054107,-0.00025040554,-0.9462601,
-1.1585044,-0.0002579,-1.0031404,
-1.4123094,-0.00029338556,-0.5948157,
-1.5287077,-0.0000053856647,-0.10712637,
-1.5071367,-0.00031308449,-0.27742106,
-1.3815988,-0.00032345307,-0.6630293,
-1.5242195,-0.00031663317,-0.15867661,
-1.4770284,-0.0074313236,-0.40835673,
-1.3082483,-0.00027176848,-0.79806626,
-1.1616359,-0.99524677,-0.092245825,
-1.4220749,-0.0000050099957,-0.5710746,
-1.4055779,-0.58642274,-0.16994897,
-1.2545173,-0.0002606067,-0.8801191,
-1.4560357,-0.00030246904,-0.4778947,
-1.5206861,-0.00031589917,-0.18956988,
-1.375747,-0.00028579027,-0.67508787,
-1.3302144,-0.0002763316,-0.76088977,
-1.3146341,-0.00029265677,-0.78750277,
-1.1411345,-0.00023705316,-1.0228565,
-1.0784353,-0.2632051,-1.0564677,
-1.505389,-0.00031272141,-0.28675273,
-1.4392443,-0.010503074,-0.5262024,
-1.3507289,-0.00028059317,-0.72384727,
-1.3428926,-0.00029894756,-0.73828363,
-1.0437925,-0.92465454,-0.6355584,
-1.440072,-0.0002991528,-0.52403826,
-1.3704076,-0.68371004,-0.054286838,
-1.2336622,-0.00025627436,-0.9091209,
-1.1881589,-0.00024682173,-0.9678336,
-1.1424189,-0.69929826,-0.74450284,
-1.2854872,-0.1649519,-0.8177633,
-1.1232656,-0.00018823061,-1.0424478,
-1.4075581,-0.000005762107,-0.6059732,
-1.2760597,-0.0002650818,-0.84858406,
-1.2227309,-0.00020380008,-0.9237707,
-1.136913,-1.0231879,-0.09454455,
-1.5236633,-0.00031651763,-0.16393149,
-1.4327328,-0.00029762823,-0.5437832,
-1.421208,-0.00029523412,-0.57322866,
-1.1222405,-1.026833,-0.18604638,
-1.4366785,-0.00023946005,-0.5332711,
-1.4033484,-0.000007987195,-0.6156596,
-1.2322358,-0.00006626541,-0.91105336,
-1.1429994,-0.00023744056,-1.0207721,
-1.487935,-0.3617195,-0.060264003,
-1.4719357,-0.00030577203,-0.4264136,
-1.4104406,-0.00029299734,-0.5992333,
-1.0984232,-0.00022818055,-1.0685923,
-1.359205,-0.00028235395,-0.70780313,
-1.4640721,-0.00030413846,-0.45267686,
-1.316426,-0.00027346727,-0.7845036,
-1.241132,-0.0002578261,-0.89889634,
-1.5114014,-0.0003139704,-0.25315854,
-1.302351,-0.0002705434,-0.8076541,
-1.4001521,-0.02523965,-0.6122337,
-1.3455958,-0.00027952684,-0.7333452,
-1.3362257,-0.29659128,-0.68917173,
-1.2349217,-0.000256536,-0.90740955,
-1.1648413,-0.39240983,-0.9151954,
-1.4735297,-0.00030610315,-0.4208726,
-1.4717501,-0.00030573347,-0.42705372,
-1.3879323,-0.0002883216,-0.6496669,
-1.1018715,-0.00022889687,-1.0650364,
-1.524183,-0.00025404498,-0.15902686,
-1.182924,-0.0002457343,-0.97422487,
-1.4238168,-0.00029577606,-0.56671774,
-1.101383,-0.00022879538,-1.0655416,
-1.4403763,-0.2482995,-0.46052885,
-1.2889465,-0.0002909148,-0.82887894,
-1.3739619,-0.00028541946,-0.67871356,
-1.3101687,-0.0002721674,-0.79490954,
-1.2167169,-0.00028485173,-0.93167764,
-1.1860961,-0.00024639323,-0.9703604,
-1.5096862,-0.00031361412,-0.2631934,
-1.3731276,-0.00028524615,-0.68039984,
-1.1459708,-0.00023805782,-1.017435,
-1.5278757,-0.11837225,-0.0027120158,
-1.4587137,-0.00030302533,-0.46965715,
-1.4197882,-0.000036775582,-0.5767363,
-1.3992754,-0.00029067797,-0.6248614,
-1.3759263,-0.00028582753,-0.6747225,
-1.0854156,-0.0002254784,-1.0818022,
-1.3559561,-0.00003512219,-0.7140072,
-1.192871,-0.5481137,-0.7906033,
-1.1494877,-0.0002387884,-1.0134602,
-1.3527745,-0.000039051123,-0.720017,
-1.5292035,-0.09636367,-0.025962494,
-1.5062803,-0.00031290657,-0.28203368,
-1.5031986,-0.000043393484,-0.2980218,
-1.4170736,-0.00029437526,-0.5833743,
-1.2352936,-0.00025661328,-0.906903,
-1.421335,-0.00029526048,-0.57291377,
-1.413738,-0.00029368233,-0.59141195,
-1.3344723,-0.25552914,-0.7087397,
-1.2472707,-0.0002591013,-0.8903591,
-1.1086705,-0.00023030925,-1.057957,
-1.3037038,-0.0002708244,-0.8054686,
-1.254177,-0.00026053598,-0.8806041,
-1.5162306,-0.0003149736,-0.22241424,
-1.1568334,-0.008928932,-1.0050275,
-1.0995717,-0.00022841911,-1.0674105,
-1.0839051,-0.00022516462,-1.0833157,
-1.2463285,-0.00025890558,-0.8916775,
-1.3705631,-0.086366855,-0.68008864,
-1.26107,-0.0002619679,-0.87070405,
-1.2119431,-0.00025176257,-0.93787915,
-1.1265965,-1.0376701,-0.0075188214,
-1.5106107,-0.00031380614,-0.257834,
-1.4537917,-0.00030200288,-0.48467824,
-1.2801166,-0.00026592455,-0.84245175,
-1.530167,-0.054586526,-0.0635032,
-1.5289223,-0.0003176101,-0.104019284,
-1.4414028,-0.0002994293,-0.52036643,
-1.3914338,-0.64165723,-0.024719017,
-1.3551956,-0.00028152106,-0.71544945,
-1.2474291,-0.00025913422,-0.890137,
-1.1435987,-0.61171,-0.8163432,
-1.1312586,-0.00018855384,-1.0337685,
-1.5191994,-0.00031559033,-0.2011379,
-1.4324527,-0.00029757002,-0.5445208,
-1.4275658,-0.00029655485,-0.55720645,
-1.3889933,-0.000288542,-0.6473957,
-1.3979524,-0.6254715,-0.05420054,
-1.2574383,-0.00026121348,-0.8759408,
-1.1098024,-0.00023054438,-1.0567696,
-1.5090979,-0.00024448085,-0.26654604,
-1.5036869,-0.00031236783,-0.29554877,
-1.4572157,-0.00030271415,-0.47428456,
-1.4251785,-0.00029605892,-0.56328464,
-1.3386803,-0.00027809024,-0.74589455,
-1.3305882,-0.0003003133,-0.7602357,
-1.1148083,-0.00023158429,-1.0514873,
-1.0825391,-0.00022488086,-1.0846809,
-1.4225525,-0.0002955134,-0.56988394,
-1.3892106,-0.64640456,-0.02604473,
-1.5151465,-0.00031474838,-0.22968318,
-1.4837661,-0.0003082296,-0.38322556,
-1.4833134,-0.36699477,-0.11627268,
-1.4588778,-0.00030305944,-0.4691468,
-1.2899673,-0.8263841,-0.000013602576,
-1.252469,-0.00026018117,-0.88303167,
-1.184914,-0.00024614765,-0.9718036,
-1.0580934,-1.0030917,-0.47187772,
-1.5002692,-0.00031165787,-0.31243542,
-1.2236868,-0.00025420214,-0.92250407,
-1.0912036,-1.0759639,-0.00003172436,
-1.487653,-0.00030903704,-0.3678476,
-1.483462,-0.00030816643,-0.38440067,
-1.4596709,-0.0003032242,-0.4666735,
-1.3920583,-0.00028917872,-0.64077854,
-1.2581981,-0.00026137131,-0.874849,
-1.109457,-0.00023047264,-1.0571322,
-1.4333775,-0.00029776213,-0.54208165,
-1.2685736,-0.0002635267,-0.859735,
-1.2083716,-0.00025102063,-0.9424761,
-1.1303416,-0.0002348111,-1.0347712,
-1.0964733,-0.00022777548,-1.070593,
-1.2186645,-0.7546044,-0.54208165,
-1.4560211,-0.000302466,-0.47793913,
-1.4047135,-0.28548476,-0.54194254,
-1.3102697,-0.0002721884,-0.7947431,
-1.1668462,-0.00024239435,-0.99342513,
-1.111802,-0.00023003347,-1.0546656,
-1.0149907,-0.45848855,-1.0526184,
-1.5245132,-0.0003166942,-0.15582845,
-1.4866422,-0.00030882706,-0.37191188,
-1.4512984,-0.00030148492,-0.49209368,
-1.4450555,-0.00030018805,-0.5101352,
-1.4083904,-0.6040358,-0.00048320694,
-1.2853833,-0.00026701862,-0.8343937,
-1.4111285,-0.5862174,-0.11614203,
-1.3679192,-0.6138213,-0.31692874,
-1.288465,-0.0002676588,-0.8296271,
-1.0817728,-0.00022472168,-1.0854449,
-1.5098184,-0.00031364156,-0.26243392,
-1.4417778,-0.32283008,-0.4067936,
-1.3215051,-0.00027452238,-0.7759172,
-1.5247648,-0.010704872,-0.15297438,
-1.4843006,-0.00030834065,-0.38114935,
-1.4495704,-0.00030112598,-0.49716106,
-1.2806722,-0.00006684323,-0.8416069,
-1.1035053,-0.00022923625,-1.0633435,
-1.449122,-0.00030103282,-0.49846646,
-1.3518809,-0.6507211,-0.3120947,
-1.2296588,-0.3345049,-0.8511574,
-1.5006524,-0.16611473,-0.26243335,
-1.4389852,-0.41079688,-0.33013755,
-1.2552922,-0.00026076764,-0.87901366,
-1.2302897,-0.7324618,-0.5461779,
-1.4633279,-0.26388916,-0.37075192,
-1.3365253,-0.0002776426,-0.749749,
-1.1515917,-0.00025991382,-1.0110687,
-1.5083321,-0.00031333283,-0.27084604,
-1.259359,-0.00020990512,-0.8731772,
-1.2460613,-0.21345465,-0.866136,
-1.456231,-0.0003025096,-0.47729906,
-1.2924054,-0.00026847734,-0.8234754,
-1.1298095,-0.00023470055,-1.0353521,
-1.522362,-0.00031624731,-0.17560554,
-1.3540082,-0.00028127438,-0.71769434,
-1.3168243,-0.00027355002,-0.7838349,
-0.92303175,-0.86715084,-0.8628355,
-1.5302788,-0.00031789189,-0.08167145,
-1.5055939,-0.000312764,-0.28567508,
-1.3081023,-0.00027173813,-0.79830563,
-1.423949,-0.5044512,-0.25752938,
-1.2509521,-0.000025440288,-0.8851792,
-1.1981788,-0.00024890323,-0.95540094,
-1.516188,-0.00034168552,-0.2227049,
-1.4771427,-0.00030685368,-0.40801084,
-1.4160632,-0.00029416537,-0.5858227,
-1.2524803,-0.00026018353,-0.8830154,
-1.1126124,-0.00023112811,-1.0538107,
-1.1011845,-0.00022875416,-1.0657468,
-1.218264,-0.9254253,-0.088568,
-1.1410778,-0.00023704137,-1.0229199,
-1.4635477,-0.00030402953,-0.45436928,
-1.3018479,-0.26598164,-0.7634588,
-1.1400534,-0.00023682856,-1.0240613,
-1.5239753,-0.00031658245,-0.16100493,
-1.5177724,-0.0003152939,-0.21163662,
-1.2621846,-0.67495435,-0.54749405,
-1.2369254,-0.00025695222,-0.90467614,
-1.1064656,-0.00022985121,-1.0602628,
-1.4725076,-0.00032410913,-0.42443433,
-1.3471587,-0.00027985152,-0.73047036,
-1.2988834,-0.00026982307,-0.8132189,
-1.2762222,-0.0002880429,-0.8483396,
-1.12776,-0.7046125,-0.7616439,
-1.3433956,-0.0002790698,-0.737368,
-1.5274581,-0.08034947,-0.0940176,
-1.456753,-0.00030261805,-0.4757036,
-1.3713291,-0.0003095085,-0.6840175,
-1.1970024,-0.00024865885,-0.9568744,
-1.5091108,-0.0003406058,-0.2664732,
-1.3522203,-0.00028090298,-0.72105736,
-1.107543,-0.05826051,-1.0575337,
-0.8414162,-0.68365717,-1.0830767,
-1.4557673,-0.00030241327,-0.4787117,
-1.227375,-0.0002549683,-0.9175913,
-1.401823,-0.0002912072,-0.6191247,
-1.3054061,-0.7536769,-0.2762424,
-1.2964557,-0.00026931876,-0.81708366,
-1.2946931,-0.0002689526,-0.81987363,
-1.3766099,-0.00028596955,-0.67332655,
-1.2983857,-0.6667048,-0.4670359,
-1.528893,-0.00031760402,-0.10445009,
-1.5278013,-0.00031737724,-0.119359426,
-1.1415392,-0.00023713722,-1.0224048,
-1.5297135,-0.00031777448,-0.09165123,
-1.4698353,-0.00030533568,-0.4335984,
-1.4695477,-0.00030527596,-0.43457195,
-1.3669604,-0.00028396503,-0.69270676,
-1.3660446,-0.00028377477,-0.69451094,
-1.122568,-0.16609545,-1.0298916,
-1.3796426,-0.00028659953,-0.6670905,
-1.331654,-0.75395685,-0.08167145,
-1.5274625,-0.00031730684,-0.12361862,
-1.5265539,-0.0003171181,-0.1343751,
-1.3137791,-0.00027291742,-0.78892815,
-1.0580941,-0.8525639,-0.70851606,
-1.4864491,-0.00030878696,-0.37268284,
-1.4154336,-0.00029403457,-0.5873424,
-1.3581828,-0.00028214158,-0.70976263,
-1.2601848,-0.67539436,-0.5515437,
-1.5248486,-0.000023916515,-0.15251271,
-1.5008808,-0.0003117849,-0.30948383,
-1.4888178,-0.000309279,-0.3631046,
-1.4839113,-0.00030825977,-0.38266262,
-1.3262377,-0.00029933138,-0.76780003,
-1.233672,-0.00027843934,-0.9091077,
-1.1376226,-0.00023632361,-1.026761,
-1.5203842,-0.00034263116,-0.19197677,
-1.4698658,-0.0003317482,-0.4334947,
-1.4604801,-0.0003033923,-0.46413487,
-1.456634,-0.0003287618,-0.47606802,
-1.4225317,-0.000022311724,-0.56993604,
-1.1886319,-0.00024692,-0.9672526,
-1.109124,-0.00023040346,-1.0574815,
-1.5245515,-0.00031670215,-0.15545471,
-1.5120637,-0.000314108,-0.24917217,
-1.5058122,-0.00031280934,-0.2845227,
-1.4990385,-0.0003114022,-0.3182874,
-1.4634192,-0.00030400284,-0.45478278,
-1.2166747,-0.000019082956,-0.9317329,
-1.2152972,-0.00025245931,-0.9335287,
-1.1727796,-0.00024362693,-0.98641336,
-1.0884175,-0.00022610201,-1.0787818,
-0.96509737,-0.6352969,-1.0066819,
-1.5230572,-0.00034323355,-0.1694698,
-1.3020747,-0.000270486,-0.80809957,
-1.2825186,-0.00026642354,-0.8387904,
-1.5248692,-0.00031676813,-0.15230556,
-1.505368,-0.00031271705,-0.28686294,
-1.5046256,-0.00033907982,-0.2907327,
-1.3145657,-0.0002730808,-0.787617,
-1.3564494,-0.0002817815,-0.71306974,
-1.3142817,-0.0002730218,-0.7880905,
-1.2046417,-0.0002502458,-0.9472389,
-1.2043474,-0.32065558,-0.89171225,
-1.2848198,-0.21098976,-0.8081734,
-1.4733857,-0.00030607323,-0.42137617,
-1.3527387,-0.00028101067,-0.7200842,
-1.229624,-0.0002554355,-0.91457546,
-1.5233968,-0.00031646228,-0.16638954,
-1.5114505,-0.00031398062,-0.25286502,
-1.5034121,-0.00031231076,-0.29694313,
-1.4894824,-0.0003356672,-0.3603686,
-1.2791778,-0.00026572953,-0.8438765,
-1.531365,-0.00031811756,-0.057831258,
-1.5118183,-0.00031405702,-0.25065655,
-1.5016291,-0.00033840456,-0.3058321,
-1.4278697,-0.000009419275,-0.5564276,
-1.5301971,-0.00031787495,-0.08318749,
-1.5009843,-0.00031180642,-0.30898166,
-1.4255589,-0.00029613797,-0.56232125,
-1.2358129,-0.14430973,-0.894631,
-1.4166893,-0.00029429543,-0.584307,
-1.3736677,-0.00028535834,-0.67930883,
-1.2416776,-0.00025793945,-0.8981426,
-1.188063,-0.00024680182,-0.96795136,
-1.1146336,-0.000231548,-1.0516727,
-1.4285262,-0.00029675436,-0.55473995,
-1.3809373,-0.0002868685,-0.6644061,
-1.1692997,-0.00024290405,-0.9905358,
-1.493053,-0.0003101588,-0.3452771,
-1.4929914,-0.00031014602,-0.3455429,
-1.2416472,-0.00025793313,-0.8981846,
-1.5211527,-0.0003159961,-0.18578924,
-1.5139151,-0.19293195,-0.13878612,
-1.3558686,-0.00028166085,-0.71417344,
-1.1531423,-0.00023954759,-1.0092999,
-1.1359771,-0.00023598179,-1.0285813,
-1.0988749,-1.0681252,-0.0024061236,
-1.0466421,-0.9919982,-0.518559,
-1.4621509,-0.0003037394,-0.4588441,
-1.1612957,-0.00024124132,-0.9999079,
-1.1518797,-0.00025958562,-1.0107406,
-1.3841133,-0.00028752827,-0.6577642,
-1.1837924,-0.00024591468,-0.9731696,
-1.0849254,-0.00022537659,-1.082294,
-1.2782825,-0.00026554355,-0.845232,
-1.5002892,-0.000311662,-0.3123389,
-1.4308612,-0.012270111,-0.54855174,
-1.4091753,-0.0002927345,-0.602203,
-1.3138324,-0.00027292848,-0.7888396,
-1.0862573,-0.00022565326,-1.080957,
-1.5282713,-0.00031747489,-0.11318129,
-1.436632,-0.27320394,-0.45811713,
-1.3693128,-0.00028445368,-0.68804497,
-1.492795,-0.0003101052,-0.34639066,
-1.3617158,-0.00028287552,-0.70296043,
-1.3555676,-0.3409879,-0.6281616,
-1.1987832,-0.0002490288,-0.95464253,
-1.4273776,-0.00029651576,-0.55768853,
-1.2731199,-0.0002644711,-0.8529882,
-1.524085,-0.00031660523,-0.15996231,
-1.4631523,-0.00031159312,-0.45564115,
-1.3161383,-0.0002734075,-0.7849862,
-1.1295389,-0.00023464434,-1.0356473,
-1.1098325,-0.28165716,-1.0185109,
-1.0918083,-1.0231321,-0.3310266,
-1.5313116,-0.00031810647,-0.059228882,
-1.5186676,-0.00031593646,-0.20538689,
-1.4515828,-0.49125367,-0.00040106595,
-1.3257191,-0.00027539776,-0.7686951,
-1.3248355,-0.00027521423,-0.77021694,
-1.4634811,-0.0003040157,-0.45458385,
-1.4377846,-0.00029867765,-0.53028214,
-1.4265983,-0.00029635386,-0.55967915,
-1.328682,-0.00027601325,-0.76356256,
-1.1099035,-0.00023056538,-1.0566635,
-0.94124573,-0.7259928,-0.9671683,
-1.5299202,-0.0003178174,-0.08813418,
-1.4992768,-0.31725487,-0.007334441,
-1.4971466,-0.0003110092,-0.32707077,
-1.4227357,-0.00029555146,-0.5694263,
-1.2353007,-0.11780583,-0.8992094,
-1.1122388,-1.0542046,-0.0011181396,
-1.4116209,-0.59644735,-0.00052924955,
-1.4659004,-0.44672066,-0.0002965313,
-1.4008529,-0.62130517,-0.0038081463,
-1.4975326,-0.0003110894,-0.32529867,
-1.4342567,-0.41931763,-0.340023,
-1.2934815,-0.00026870088,-0.8217841,
-1.2895163,-0.0002746156,-0.8279921,
-1.2660906,-0.86338013,-0.0036008367,
-1.5324928,-0.0004076777,-0.00077870215,
-1.5324769,-0.0003074552,-0.0070566596,
-1.1425965,-0.00023735686,-1.0212231,
-1.5282179,-0.00031746377,-0.11389997,
-1.5140742,-0.00031452565,-0.23664922,
-1.3936471,-0.00028950875,-0.6373155,
-1.3042766,-0.00027094342,-0.8045408,
-1.2189281,-0.00032426242,-0.92884284,
-1.1767524,-0.00024224627,-0.98172754,
-1.5313686,-0.00031811828,-0.057738427,
-1.4936154,-0.00031072472,-0.34299868,
-1.4733758,-0.00029559794,-0.42154348,
-1.4623393,-0.0003037785,-0.4582434,
-1.4560262,-0.00030246706,-0.47792375,
-1.3450812,-0.00027941994,-0.73428875,
-1.278381,-0.000265564,-0.8450831,
-1.1303151,-1.0341411,-0.036923654,
-1.4780735,-0.00030704704,-0.40462568,
-1.466054,-0.27127907,-0.35428345,
-1.3020309,-0.00026122166,-0.80823916,
-1.5278556,-0.00040644413,-0.119129404,
-1.5266645,-0.00040612725,-0.13353,
-1.0893186,-0.72523516,-0.79746735,
-1.1797278,-0.97809124,-0.0018626392,
-1.1951797,-0.95914954,-0.0007901639,
-1.4858673,-0.3749691,-0.0044687167,
-1.2749376,-0.8502637,-0.0029984072,
-1.4435165,-0.00029986835,-0.51447403,
-1.5324864,-0.000407676,-0.004502819,
-1.4832946,-0.3851913,-0.000028530802,
-1.4564023,-0.364764,-0.30720475,
-1.3839262,-0.047031227,-0.65656036,
-1.2541372,-0.24487446,-0.84599745,
-1.1836228,-0.000367742,-0.973433,
-1.107405,-0.000060035392,-1.0593344,
-1.3184474,-0.08245077,-0.776738,
-1.1858463,-0.00031546192,-0.9707231,
-1.4486963,-0.000013307937,-0.49962357,
-1.1190467,-0.0000765426,-1.0470289,
-1.5263846,-0.00008274941,-0.13669392,
-1.5321174,-0.00025627142,-0.03393157,
-1.4977324,-0.00025193833,-0.32455015,
-1.3054129,-0.00014169626,-0.8027655,
-1.3417127,-0.7405012,-0.0001740497,
-1.5172133,-0.00010640208,-0.21586743,
-1.3112248,-0.0002289188,-0.7932368,
-1.2472097,-0.0000051371862,-0.8905072,
-1.2180315,-0.00005952601,-0.93001854,
-1.0121803,-0.8356833,-0.7909865,
-1.5314503,-0.00040740037,-0.05652428,
-1.5260042,-0.00008272878,-0.14087667,
-1.3856599,-0.050155807,-0.6526609,
-1.3110216,-0.000071074,-0.79357266,
-1.3003978,-0.000005687649,-0.8108642,
-1.2743216,-0.00014334045,-0.85125774,
-1.1187533,-0.91969115,-0.50109327,
-1.5298883,-0.0003408836,-0.08931391,
-1.5293273,-0.00025580474,-0.09845454,
-1.4496019,-0.38913605,-0.3094556,
-1.3723711,-0.00023959395,-0.68200636,
-1.2710377,-0.00006890637,-0.85615325,
-1.0837193,-0.00017566961,-1.0835533,
-1.429712,-0.0002391425,-0.55177754,
-1.376768,-0.00023159053,-0.6730861,
-1.5258057,-0.00010700467,-0.14301163,
-1.4861144,-0.00024998403,-0.37416494,
-1.4048495,-0.00022772445,-0.6123177,
-1.3949952,-0.00009783093,-0.6344474,
-1.3915862,-0.00031006767,-0.6418903,
-1.3884209,-0.0003093624,-0.6487081,
-1.1883266,-0.96768546,-0.00010090948,
-1.177849,-0.00019092794,-0.98041147,
-1.523503,-0.00017136932,-0.16575252,
-1.5200139,-0.00040435806,-0.19517256,
-1.5009582,-0.00009233926,-0.3092893,
-1.477197,-0.00010359575,-0.40795073,
-1.4309566,-0.00023195638,-0.54854214,
-1.3343083,-0.00021628979,-0.75376177,
-1.0914448,-0.00017692192,-1.075771,
-1.5238197,-0.00025632657,-0.16281521,
-1.5231063,-0.00025620658,-0.16935794,
-1.4866123,-0.000006899056,-0.3721812,
-1.1698877,-0.00026066968,-0.9898981,
-1.132249,-0.0001904592,-1.0327379,
-1.1290547,-0.00018992188,-1.036229,
-1.0573952,-0.61048424,-0.92615306,
-1.5267233,-0.00030630085,-0.1328574,
-1.5164851,-0.00033789713,-0.22092581,
-1.4625745,-0.0002460243,-0.45761472,
-1.4288675,-0.00024035435,-0.55396116,
-1.4117512,-0.00023747515,-0.596233,
-1.3999945,-0.00023549753,-0.62333816,
-1.3538082,-0.000015172321,-0.71814936,
-1.335439,-0.00022463844,-0.75175655,
-1.2495743,-0.00027842514,-0.88718617,
-1.5241263,-0.000004759782,-0.1599188,
-1.4185079,-0.00023861174,-0.57997453,
-1.3981636,-0.00023518954,-0.62743443,
-1.3458031,-0.733041,-0.00014250909,
-1.2299951,-0.0002740626,-0.9141374,
-1.082548,-0.00018209885,-1.0847234,
-1.526458,-0.00025677038,-0.13587084,
-1.5244704,-0.00033967642,-0.15660462,
-1.3017904,-0.0002189783,-0.8086266,
-1.2494476,-0.00021017356,-0.88736457,
-1.1669763,-0.0003104421,-0.9933283,
-1.1143725,-0.00018745214,-1.0520024,
-1.0997137,-0.00018498635,-1.0673168,
-1.4352862,-0.5368028,-0.014813863,
-1.531947,-0.0002576937,-0.040906254,
-1.4630203,-0.0002460993,-0.45618734,
-1.3454784,-0.00029979413,-0.7336366,
-1.3301225,-0.7423043,-0.1682077,
-1.3164881,-0.00022145067,-0.78447056,
-1.250239,-0.8862492,-0.000045138888,
-1.2403369,-0.00027636692,-0.9000553,
-1.5324092,-0.00025777143,-0.016043093,
-1.5315702,-0.0002576303,-0.053177778,
-1.5253954,-0.00025659162,-0.14732319,
-1.5221364,-0.00033915637,-0.17786442,
-1.5210404,-0.00025585905,-0.18700577,
-1.5178982,-0.000338212,-0.21099795,
-1.4878943,-0.3670229,-0.000042903463,
-1.2367738,-0.00007310234,-0.90494496,
-1.1727173,-0.91919017,-0.35827157,
-1.5318055,-0.041750994,-0.015872095,
-1.5114402,-0.00025424417,-0.25314748,
-1.4244978,-0.000465713,-0.5651022,
-1.532397,-0.0003414426,-0.017165491,
-1.4762368,-0.000053891858,-0.4114124,
-1.3462021,-0.73230785,-0.000011213419,
-1.2296057,-0.00020683589,-0.9146611,
-1.5324773,-0.00034146046,-0.0069799894,
-1.4968848,-0.00025179578,-0.3284374,
-1.3689079,-0.56589776,-0.39292,
-1.2789459,-0.00041812754,-0.844294,
-1.2500074,-0.00040866662,-0.8865757,
-1.2310054,-0.0004024543,-0.9127763,
-1.1579719,-0.00007603772,-1.0038109,
-1.4395082,-0.00024214426,-0.52569133,
-1.3940288,-0.00023449401,-0.6365681,
-1.2887053,-0.00021677723,-0.82932115,
-1.5315503,-0.00025762696,-0.05374789,
-1.5292829,-0.00025724556,-0.09914132,
-1.4374381,-0.00032028422,-0.53132546,
-1.3513049,-0.0002273073,-0.7228488,
-1.1789247,-0.00019831068,-0.97911775,
-0.85674727,-0.7670578,-1.0129865,
-1.5280626,-0.0002570403,-0.11644692,
-1.5164181,-0.21757255,-0.040906254,
-1.4446487,-0.00024300897,-0.5113956,
-1.4164453,-0.5837811,-0.036134068,
-1.3624907,-0.0002291889,-0.7015372,
-1.5323145,-0.0000044918693,-0.023394773,
-1.5262693,-0.00025673863,-0.13797465,
-1.5001948,-0.00025235253,-0.31297073,
-1.2394748,-0.000208496,-0.90124214,
-1.1891172,-0.00023856819,-0.96671367,
-1.4289131,-0.00024036203,-0.5538435,
-1.407256,-0.00023671902,-0.6067664,
-1.2675796,-0.0002132236,-0.86126494,
-1.2078218,-0.00020317156,-0.94323987,
-1.5170337,-0.11137649,-0.18638478,
-1.3633007,-0.00022932515,-0.69996166,
-1.3528571,-0.00022756841,-0.7199395,
-1.2545495,-0.87926155,-0.037788764,
-1.5189433,-0.00025550628,-0.20333801,
-1.5128634,-0.00025448357,-0.24449886,
-1.4857624,-0.0002499248,-0.37556,
-1.4604547,-0.00024566773,-0.46433523,
-1.4098092,-0.4665466,-0.3785594,
-1.2601975,-0.00021198184,-0.8720306,
-1.2453507,-0.5601145,-0.6956354,
-1.2436332,-0.0002091955,-0.89549524,
-1.5320213,-0.00025770618,-0.038027905,
-1.4345796,-0.00024131521,-0.5389959,
-1.3247591,-0.00022284195,-0.77042085,
-1.5211465,-0.0002558769,-0.18614145,
-1.5093312,-0.00025388942,-0.2654326,
-1.4967288,-0.00030028317,-0.32914758,
-1.4817423,-0.00024924858,-0.39112005,
-1.2985495,-0.7968242,-0.16545568,
-1.1842225,-0.9657082,-0.11644692,
-1.1129332,-0.97220737,-0.4058664,
-1.0898708,-1.0773647,-0.0014770535,
-1.4864781,-0.0002500452,-0.3727172,
-1.4483985,-0.0000043049245,-0.5006766,
-1.3444058,-0.00030501632,-0.73560053,
-1.3391535,-0.5368964,-0.5166675,
-1.5319978,-0.038958315,-0.000051339513,
-1.4880543,-0.00025031035,-0.366374,
-1.2040567,-0.00020253821,-0.9480414,
-1.0375293,-1.0281932,-0.46355873,
-1.5159469,-0.00025500226,-0.2245894,
-1.4254601,-0.00046602762,-0.56267077,
-1.321349,-0.7762551,-0.000060395803,
-1.2723086,-0.8542634,-0.00007319075,
-1.5294702,-0.00025727705,-0.096208185,
-1.5253615,-0.14086051,-0.04433487,
-1.5236913,-0.00025630498,-0.16401188,
-1.5223159,-0.0002560736,-0.17632239,
-1.2742589,-0.85135156,-0.000019070705,
-1.5322514,-0.0002577449,-0.0272209,
-1.5250384,-0.00034675616,-0.1499163,
-1.5139143,-0.0000044379303,-0.23790438,
-1.3781338,-0.00023182028,-0.6702854,
-1.359747,-0.00022872738,-0.70684034,
-1.34504,-0.00022625345,-0.7344404,
-1.2832441,-0.00021585858,-0.83774686,
-1.113888,-0.00018737065,-1.0525155,
-1.0922699,-0.0001837342,-1.0749333,
-1.4282807,-0.00022148732,-0.55547225,
-1.3335655,-0.00022432329,-0.755075,
-1.3308309,-0.0002238633,-0.7598842,
-1.0343605,-0.925467,-0.6497264,
-1.2586648,-0.873992,-0.018005583,
-1.5013351,-0.00023281608,-0.30745396,
-1.4854398,-0.00033769326,-0.3768341,
-1.3755996,-0.00023139399,-0.6754708,
-1.368217,-0.00023015213,-0.6903024,
-1.2857618,-0.00019938654,-0.8338775,
-1.1499428,-1.0129989,-0.000194622,
-1.2536577,-0.8811592,-0.018005583,
-1.5323608,-0.0002376273,-0.020130618,
-1.5205097,-0.0003456659,-0.19127308,
-1.4717305,-0.00024756446,-0.42725247,
-1.4473964,-0.00024347116,-0.50356597,
-1.3069714,-0.79932165,-0.038027905,
-1.2034469,-0.00007019989,-0.9488154,
-1.1780106,-0.00019815691,-0.98021746,
-0.8962384,-0.89930797,-0.8582174,
-1.491892,-0.0003391601,-0.35041887,
-1.2167242,-0.00020466905,-0.9317283,
-1.1799965,-0.000067229914,-0.9778259,
-1.1114482,-0.00018696024,-1.0550914,
-1.5324587,-0.00000049810063,-0.010279659,
-1.4439107,-0.0003217264,-0.5134754,
-1.3830554,-0.000014651063,-0.66007036,
-1.3666128,-0.00021192431,-0.69347274,
-1.2943878,-0.00021773309,-0.8204239,
-1.2254539,-0.9201898,-0.0069799894,
-1.1591659,-0.00019498698,-1.0024319,
-1.451452,-0.39178464,-0.29719862,
-1.447863,-0.00024354964,-0.50222296,
-1.3576527,-0.26385906,-0.66007036,
-1.2685404,-0.00021338521,-0.85984904,
-1.3836849,-0.00023275404,-0.6587497,
-1.2137251,-0.00020416456,-0.9356315,
-1.1687882,-0.00019660559,-0.9911958,
-1.517359,-0.0000004931928,-0.2148415,
-1.4809551,-0.0002491162,-0.39409015,
-1.4636941,-0.000065233944,-0.4540209,
-1.3858521,-0.103065856,-0.6460082,
-1.2274355,-0.00020647082,-0.91757137,
-1.083792,-0.0001823081,-1.0834805,
-1.5217996,-0.00034595915,-0.18072407,
-1.4528502,-0.0002252974,-0.48760784,
-1.4124776,-0.00023759736,-0.5945099,
-1.402076,-0.00023584766,-0.6186421,
-1.2695761,-0.00021355944,-0.8583191,
-1.5317758,-0.00025766488,-0.046880607,
-1.53071,-0.0003479848,-0.07390654,
-1.5076305,-0.27492848,-0.0002654312,
-1.4864017,-0.000047337722,-0.37302166,
-1.437266,-0.00024176709,-0.5317909,
-1.3860362,-0.00023314955,-0.65378803,
-1.3207049,-0.00030024318,-0.7773503,
-1.3111277,-0.00022054896,-0.79339737,
-1.17311,-0.00019733257,-0.98607695,
-1.5171617,-0.0002552066,-0.21622986,
-1.5136926,-0.038492817,-0.23619485,
-1.478564,-0.00024871397,-0.40296876,
-1.4629359,-0.0002460851,-0.45645788,
-1.4032409,-0.61599374,-0.0012601176,
-1.2964535,-0.00021808056,-0.8171557,
-1.2314699,-0.00020714947,-0.9121498,
-1.4008248,-0.6208858,-0.024784204,
-1.2460977,-0.89164877,-0.025026815,
-1.5216017,-0.00025595346,-0.18238275,
-1.3060644,-0.4523142,-0.6619238,
-1.2689238,-0.000055494096,-0.8592832,
-1.0976986,-0.00018464738,-1.069389,
-1.3875656,-0.6499777,-0.024784204,
-1.5322661,-0.00025774736,-0.026374139,
-1.5307984,-0.00025750048,-0.07205114,
-1.4874043,-0.3690035,-0.00007551111,
-1.5291941,-0.00025723063,-0.100500435,
-1.4711635,-0.14497766,-0.40397352,
-1.3651737,-0.49875316,-0.48588216,
-1.3623124,-0.00030970204,-0.70188314,
-1.3607098,-0.000004249439,-0.7049852,
-1.2953742,-0.81472886,-0.08220735,
-1.5129182,-0.0002544928,-0.24415858,
-1.3707148,-0.0002305723,-0.6853291,
-1.2236712,-0.00027818396,-0.9225855,
-1.2094579,-0.9411412,-0.0002154264,
-1.0898066,-0.30150568,-1.0250783,
-1.5323011,-0.00025775324,-0.024260584,
-1.4944124,-0.00009018414,-0.33950981,
-1.4932039,-0.00033945832,-0.34478566,
-1.4830581,-0.00024946991,-0.3861009,
-1.2933065,-0.0002175512,-0.8221275,
-1.1889033,-0.8785496,-0.40397352,
-1.5254545,-0.00009205746,-0.1467088,
-1.5215443,-0.00034590112,-0.18286078,
-1.5207499,-0.00023582678,-0.18935421,
-1.4701682,-0.124634326,-0.41425496,
-1.3062171,-0.00021972293,-0.8014561,
-1.1831745,-0.00019902556,-0.97397804,
-1.177689,-0.0001981028,-0.9806038,
-1.1494232,-0.00019334814,-1.0135883,
-0.97787243,-0.69157237,-0.95604837,
-1.4544442,-0.48281178,-0.004502819,
-1.313531,-0.78463924,-0.007643285,
-1.348031,-0.72885907,-0.0002965313,
-1.3080928,-0.79742604,-0.037788764,
-1.2001839,-0.95293957,-0.00007319075,
-1.2273192,-0.91765803,-0.0038081463,
-1.5175588,-0.21107183,-0.029788867,
-1.5324281,-0.0002577746,-0.014112386,
-1.5316452,-0.00009243105,-0.050971523,
-1.4700259,-0.00024727773,-0.43308088,
-1.4292883,-0.42286515,-0.35616723,
-1.4095459,-0.0002371042,-0.6014279,
-1.3543899,-0.67420304,-0.24415858,
-1.2090108,-0.000025200186,-0.9417154,
-1.0804435,-0.000065202126,-1.0868195,
-1.2122993,-0.935633,-0.057831258,
-1.1237168,-1.0420148,-0.00077870215,
-1.2077626,-0.9415582,-0.056576975,
-1.1954308,-0.9587986,-0.008594737,
-1.1956232,-0.9586554,-0.000194622,
-1.4718561,-0.42681816,-0.0010397832,
-1.5324856,-0.000103762395,-0.0047945287,
-1.5310389,-0.0005005446,-0.06674348,
-1.5226243,-0.00025612547,-0.17363921,
-1.472629,-0.0002477156,-0.42414513,
-1.4578868,-0.00024523577,-0.472336,
-1.3609457,-0.00022892901,-0.70452964,
-1.2893468,-0.00029311437,-0.82832354,
-1.473399,-0.42146212,-0.0001740497,
-1.2380302,-0.90315866,-0.0029984072,
-1.4520226,-0.49006686,-0.0002317588,
-1.5321863,-0.0065327254,-0.028039165,
-1.512789,-0.0003439107,-0.2449582,
-1.4083734,-0.00023690697,-0.60416853,
-1.3975697,-0.00031771726,-0.628756,
-1.5166813,-0.2192746,-0.0044687167,
-1.526723,-0.13243689,-0.0007901639,
-1.381504,-0.6632245,-0.0018626392,
-1.5091968,-0.26619542,-0.000028530802,
-1.2508465,-0.8852043,-0.014813863,
-1.2962077,-0.8173229,-0.015872095,
-1.3089322,-0.7970141,-0.000060395803,
-1.3162026,-0.7844793,-0.025026815,
-1.5319501,-0.00025769422,-0.040794667,
-1.5311049,-0.00025755205,-0.06521427,
-1.5290036,-0.00025719855,-0.10335927,
-1.5252136,-0.00025656103,-0.14919385,
-1.5064983,-0.00034248063,-0.2810658,
-1.501431,-0.00025256048,-0.30698562,
-1.498153,-0.00025200908,-0.3226033,
-1.4824108,-0.00024936104,-0.38857892,
-1.4644849,-0.00024634568,-0.45146307,
-1.3665985,-0.00022987988,-0.69350106,
-1.3216153,-0.32910624,-0.70253617,
-1.0993711,-0.00001923856,-1.0676695,
-1.1546615,-1.0074708,-0.017165491,
-1.4540209,-0.47791016,-0.07647511,
-1.1162814,-1.049923,-0.0011181396,
-1.4134969,-0.5919878,-0.00052924955,
-1.5323154,-0.023009054,-0.0039145653,
-1.5206827,-0.00034570522,-0.18989326,
-1.3997815,-0.0002354617,-0.6238165,
-1.2437716,-0.0002827535,-0.8953031,
-1.1996742,-0.9533419,-0.018559413,
-1.4850204,-0.37730336,-0.02792635,
-1.47846,-0.39998984,-0.05086747,
-1.482058,-0.38871476,-0.028779194,
-1.1231062,-1.0414468,-0.0075188214,
-1.5230081,-0.0003462339,-0.17023851,
-1.5132731,-0.00034402078,-0.24194968,
-1.4132951,-0.00032129223,-0.59256387,
-1.3367665,-0.00030389454,-0.74939346,
-1.220712,-0.00020533985,-0.9264974,
-1.165921,-0.42820263,-0.89766693,
-1.2309757,-0.9127261,-0.0072741145,
-1.3343893,-0.75256014,-0.038490422,
-1.5284597,-0.00034747322,-0.111113064,
-1.4504408,-0.49472895,-0.0000028994978,
-1.248182,-0.00028375615,-0.88914376,
-1.0556533,-1.0133541,-0.45248803,
-1.222067,-0.91952276,-0.09722855,
-1.3086818,-0.75140935,-0.26675645,
-1.4835141,-0.38069695,-0.051760834,
-1.4793736,-0.000010412598,-0.39998624,
-1.4528714,-0.00033028933,-0.48754457,
-1.4303701,-0.0000968483,-0.5500695,
-1.525545,-0.00027582556,-0.14576463,
-1.4350792,-0.45824906,-0.28123066,
-1.4516226,-0.00024418207,-0.49125051,
-1.5224055,-0.0004977221,-0.17554611,
-1.5260131,-0.00034691705,-0.14077964,
-1.53023,-0.08325384,-0.000048743146,
-1.5090692,-0.00034306507,-0.26691818,
-1.5203761,-0.00034563552,-0.19233231,
-1.5323582,-0.0003483595,-0.020334328,
-1.5159372,-0.00034462643,-0.22465456,
-1.53189,-0.00034825306,-0.042989116,
-1.5309554,-0.0003480406,-0.06863473,
-1.5318116,-0.0003688231,-0.04569722,
-1.5249604,-0.0003466777,-0.15176006,
-1.5324395,-0.00034837797,-0.012822353,
-1.5323097,-0.00034834846,-0.0237183,
-1.5320985,-0.00034830047,-0.034773275,
-1.5323305,-0.0003483532,-0.022320712,
-1.5310352,-0.00034805873,-0.06683131,
-1.5309492,-0.00034803918,-0.06877167,
-1.5308067,-0.00034800678,-0.07187707,
-1.5306634,-0.0003479742,-0.07486472,
-1.5321465,-0.00034831135,-0.032595467,
-1.5288566,-0.00034756347,-0.10551133,
-1.532469,-0.0003483847,-0.008574305,
-1.5318259,-0.00036882653,-0.045214534,
-1.531082,-0.00034806938,-0.06574979,
-1.5286732,-0.00034752177,-0.10813684,
-1.5282643,-0.0003474288,-0.11376993,
-1.4858701,-0.0003377911,-0.37513354,
-1.5271877,-0.00034718405,-0.12740852,
-1.5305974,-0.0003479592,-0.0762006,
-1.4648429,-0.00033301086,-0.4503002,
-1.5324062,-0.0003483704,-0.016316993,
-1.5322539,-0.00034833577,-0.027077677,
-1.4949762,-0.00033986123,-0.33701837,
-1.5324929,-0.0003483901,-0.00087895297,
-1.5319395,-0.00034826432,-0.041190296,
-1.5308903,-0.0003480258,-0.07007138,
-1.5324885,-0.00034838912,-0.0037674836,
-1.532183,-0.00034831968,-0.030826537,
-1.5318037,-0.00034823344,-0.045960493,
-1.5317489,-0.000348221,-0.047754258,
-1.5277107,-0.00034730294,-0.120975524,
-1.5324867,-0.00036898564,-0.0044370024,
-1.5315778,-0.00034818207,-0.052957036,
-1.532196,-0.019058915,-0.023394773,
-1.5319817,-0.0003482739,-0.039590035,
-1.5324845,-0.00034838822,-0.0051208846,
-1.5274929,-0.00000072907665,-0.12369645,
-1.5247483,-0.0003466295,-0.15387513,
-1.5215069,-0.00034589262,-0.1831713,
-1.5324906,-0.00034838959,-0.0027601086,
-1.5324703,-0.000348385,-0.008347452,
-1.5323642,-0.00034836086,-0.01987719,
-1.532349,-0.0003483574,-0.021017857,
-1.5321463,-0.00034831133,-0.032603025,
-1.5303891,-0.00034791185,-0.08027631,
-1.5320599,-0.00034829168,-0.036433823,
-1.5323936,-0.00034836752,-0.017472247,
-1.529039,-0.00034760492,-0.10283389,
-1.5288334,-0.00034755818,-0.10584722,
-1.5296403,-0.00034774162,-0.09346437,
-1.5324801,-0.0003483872,-0.00630548,
-1.5226957,-0.00034616285,-0.17301175,
-1.5165589,-0.00034476776,-0.22041856,
-1.5323133,-0.0003483493,-0.023469638,
-1.4548057,-0.00033072906,-0.48174202,
-1.5308155,-0.0003480088,-0.07168783,
-1.5261637,-0.00034695127,-0.13913845,
-1.4723121,-0.00033470886,-0.425244,
-1.5324236,-0.00034837436,-0.014596704,
-1.5322611,-0.00034833743,-0.026666097,
-1.5303495,-0.00034790285,-0.08102768,
-1.5293202,-0.00034766886,-0.09856228,
-1.5102699,-0.00034333803,-0.2600384,
-1.5319945,-0.0003482768,-0.03909245,
-1.5137211,-0.0003441226,-0.23913135,
-1.5254043,-0.00034677863,-0.14723065,
-1.5321697,-0.00034831665,-0.031484123,
-1.5199586,-0.00034554064,-0.19560362,
-1.5124186,-0.030079054,-0.24539812,
-1.521369,-0.00034586125,-0.18431349,
-1.5322744,-0.00034834043,-0.025895417,
-1.5268635,-0.00034711036,-0.1312372,
-1.530574,-0.00034795387,-0.07667059,
-1.5298445,-0.00034778804,-0.090060145,
-1.5279014,-0.0003473463,-0.11854414,
-1.5300112,-0.00034782593,-0.08718465,
-1.5294342,-0.00034227912,-0.096778795,
-1.5312005,-0.0000060990806,-0.06293077,
-1.5323203,-0.00031986437,-0.02301468,
-1.5322783,-0.000015562735,-0.02565865,
-1.5324925,-0.00034839002,-0.0013560215,
-1.5322635,-0.00034833796,-0.026526459,
-1.5324217,-0.0003642322,-0.014796456,
-1.5269182,-0.00034712278,-0.13059953,
-1.5249988,-0.00034668643,-0.15137261,
-1.5244749,-0.00034656734,-0.15656182,
-1.5324918,-0.00036424887,-0.0020683454,
-1.5310713,-0.00001731305,-0.06600019,
-1.5298302,-0.000077940575,-0.09030366,
-1.5317922,-0.00036408257,-0.04634672,
-1.5186515,-0.20550483,-0.00087895297,
-1.4870025,-0.00035343677,-0.37061927,
-1.5317535,-0.00034822203,-0.04760451,
-1.5324519,-0.0003642394,-0.011232821,
-1.5320045,-0.00036413304,-0.03870012,
-1.512919,-0.0003595967,-0.24415426,
-1.5315453,-0.0003640239,-0.053891417,
-1.5312147,-0.00036394532,-0.06258306,
-1.53241,-0.00036422943,-0.015951073,
-1.5318648,-0.00036409983,-0.04388127,
-1.5317388,-0.00036406989,-0.04807939,
-1.5319852,-0.00036412844,-0.039453518,
-1.5322392,-0.00036418883,-0.027896388,
-1.5324337,-0.00036423508,-0.013489421,
-1.5321201,-0.0003641605,-0.03380938,
-1.5278816,-0.0003100483,-0.11879769,
-1.5313487,-0.00031075187,-0.05921135,
-1.5285219,-0.0003699,-0.11025422,
-1.5324886,-0.00031098316,-0.0037320289,
-1.5324632,-0.009582817,-0.00011560502,
-1.5323534,-0.00031095574,-0.020699294,
-1.5324925,-0.00031098397,-0.0013768468,
-1.5322163,-0.00031092792,-0.029123494,
-1.531771,-0.016952088,-0.04388127,
-1.5322585,-0.00031093648,-0.026810132,
-1.5321611,-0.00031091672,-0.031899843,
-1.5319465,-0.035307366,-0.020699294,
-1.5321807,-0.00031092067,-0.030939726,
-1.5324557,-0.00034762354,-0.0107134,
-1.5324913,-0.00031098374,-0.0023657046,
-1.532489,-0.000033965804,-0.00359012,
-1.5324823,-0.00031098188,-0.0057755997,
-1.5324674,-0.0003476262,-0.008891884,
-1.5324665,-0.000347626,-0.00901929,
-1.5323452,-0.00031095406,-0.021289224,
-1.5324923,-0.00034763184,-0.0015922461,
-1.5324817,-0.00034762942,-0.005927509,
-1.5324003,-0.00034761097,-0.016861258,
-1.5324911,-0.00034763158,-0.0025054167,
-1.5317135,-0.00034745518,-0.048877023,
-1.5237558,-0.00030921106,-0.163412,
-1.5320921,-0.00034754106,-0.035054177,
-1.5324706,-0.0004115946,-0.008295351,
-1.5322258,-0.0003475714,-0.028621297,
-1.5322577,-0.000009326095,-0.026860062,
-1.5324485,-0.0003476219,-0.011682918,
-1.5324242,-0.01450612,-0.0006569628,
-1.5323757,-0.00034760538,-0.018966164,
-1.5323308,-0.0003475952,-0.02230738,
-1.5320178,-0.0003475242,-0.038162045,
-1.5271741,-0.00034642546,-0.1275714,
-1.5257064,-0.00034609254,-0.1440663,
-1.5320772,-0.0003475377,-0.035705462,
-1.5218445,-0.00034521648,-0.18034601,
-1.5323715,-0.00034760445,-0.019303324,
-1.5323652,-0.000012369699,-0.01979411,
-1.5306404,-0.00036227537,-0.07533401,
-1.5321474,-0.0003475536,-0.03254993,
-1.5298525,-0.00034703303,-0.08992548,
-1.5295659,-0.00036202106,-0.09467405,
-1.5324056,-0.0003626932,-0.016379036,
-1.5322069,-0.00036264615,-0.029615523,
-1.5321982,-0.00041152147,-0.030061727,
-1.5277789,-0.0003615981,-0.12011171,
-1.5315094,-0.00036248105,-0.054901406,
-1.5317211,-0.00036253117,-0.048636306,
-1.5324731,-0.00036270914,-0.007836888,
-1.5268961,-0.12735753,-0.030061727,
-1.5256345,-0.00036109058,-0.14482643,
-1.5123168,-0.00035793852,-0.2478568,
-1.5277799,-0.00036159836,-0.120098,
-1.5295951,-0.000362028,-0.09420171,
-1.5324836,-0.00036271164,-0.0054033934,
-1.5322909,-0.00036266603,-0.024894517,
-1.5324316,-0.00034761807,-0.013732553,
-1.5324184,-0.00036269618,-0.015134923,
-1.531702,-0.00036252665,-0.04923406,
-1.532487,-0.00036271245,-0.0043060137,
-1.532485,-0.000012905739,-0.0049868138,
-1.5324124,-0.000012905127,-0.015726464,
-1.5320485,-0.00036260864,-0.036913846,
-1.531786,-0.00013759802,-0.046549417,
-1.531542,-0.0005441352,-0.053981517,
-1.532493,-0.00035455477,-0.00058410235,
-1.5309324,-0.00062177994,-0.06914422,
-1.5306227,-0.0001003088,-0.07569123,
-1.5324848,-0.00034763015,-0.005063471,
-1.5324365,-0.00012449936,-0.013175233,
-1.5322189,-0.00034756985,-0.028987966,
-1.5323414,-0.00025937986,-0.021563182,
-1.5324163,-0.00022482693,-0.0153343845,
-1.5298927,-0.00022445667,-0.08923859,
-1.5322737,-0.0003722895,-0.025932595,
-1.5324918,-0.00024499168,-0.002072256,
-1.5324849,-0.00022483699,-0.0050172787,
-1.5324792,-0.000012309521,-0.006551234,
-1.5324279,-0.00034761723,-0.0141430115,
-1.5324926,-0.0003723427,-0.0011508474,
-1.5324143,-0.00022482662,-0.015541197,
-1.5324886,-0.00037234172,-0.0036861964,
-1.5324798,-0.00037233956,-0.0064031254,
-1.5324899,-0.00037234204,-0.00311851,
-1.5324888,-0.00037234178,-0.0036160722,
-1.5324876,-0.00037243683,-0.0031193031,
-1.5323792,-0.00037231515,-0.018684346,
-1.532493,-0.0003723428,-0.00049609947,
-1.5323902,-0.00037231782,-0.017757744,
-1.5315574,-0.0003721155,-0.053542774,
-1.5317174,-0.00037215435,-0.048752055,
-1.5272985,-0.0003710807,-0.12607446,
-1.5324037,-0.0003723211,-0.016551258,
-1.5313187,-0.057297975,-0.017757744,
-1.5320965,-0.00037224646,-0.034861818,
